Query Number,Execution Time (seconds)
66,8.911959171295166
19,29.948214530944824
40,5.757304430007935
