Query Number,Execution Time (seconds)
81,6.706369876861572
81,6.4880876541137695
81,6.348930358886719
81,6.5298216342926025
81,6.402461528778076
81,6.482783555984497
